ID,price,text
1033,209.95,skullcandi crusher anc person nois cancel wireless headphon black skullcandi adjust sensori bass digit activ nois cancel person sound skullcandi app 24 hour batteri life rapid charg built tile tracker nan 4.5
1503,14.95,sephia sp4080 earbud ear headphon wire earphon nois isol ear bud case hd bass 35mm jack sephia smooth bass driven sound uniqu acoust earbud chamber power high perform earphon driver experi power sound deep bass frequenc respons 20h20khz silicon ear tip memori foam earbud come bundl sp4080 ear headphon comfort fit sport jog run gym kick back relax deliv deep bass balanc tone music playback hear music come life like never experi impress bass sparkl high detail sound thank high perform dynam speaker system earphon come conveni carri case compact function soft pouch keep item safe earbud also featur metal hous make durabl earphon compat iphon 6 samsung s10 spni xperia android smartphon tablet devic equip 35mm headphon jack devic may requir adapt nan 4.5
1765,21.98,ailihen c8 wire fold headphon microphon volum control cellphon tablet android smartphon chromebook laptop comput mp3 4 black orang ailihen collaps featur take wire headphon wherev go fold twist cord merri way handsfre talk volum control builtin micremot volum control let pick call skip track without miss beat adjust hing adjust headband give headphon impress flexibl adapt shape head perfect fit nois isol fullsiz onear construct isol outsid nois hear deep bass crisp mid high upcom track wide compat flexibl durabl 47 inch braid cord sturdi 3 5 mm stereo plug kink twist break normal use use favorit devic like cellphon laptop comput chromebook mp3 mp4 audio devic nan 4.3
1874,12.99,2pack charger cabl samsung galaxi watch 5 samsung watch 5 pro replac charg cabl compat samsung watch 5 seri 33ft lepmok compat samsung galaxi watch 5 samsung galaxi watch 5 pro galxi watch 4 3 active2 activ replac charger origin charger phone watch cradl stand charger made high qualiti ab pvc materi copper wire offer fast safe charg charger perfect small use anywher conveni carri strong magnet charg immedi contact packag includ 2 pack 33ft charger cabl samsung galaxi watch 5 seri nan 4.5
1964,25.99,wekili bluetooth 53 headphon wireless earbud 40h playtim charg case deep bass ipx7 waterproof run earphon 4mic clear call led display ear headphon work gym wekili excel sound qualiti wireless earbud adopt graphen driver polym composit diaphragm carri aac sbc audio decod result 43 bass enhanc audio technolog losslessli transmit clearer stereo sound headphon 40hr cycl playtim 400mah charg case playtim 35 hour wireless headphon singl playtim 5hour music quick charg 10 minut 1 hour use case emerg bluetooth 53 technolog wireless headphon adopt bluetooth 53 chip low batteri consumpt fast transmiss speed stabl connect rang 18m clear call bluetooth earbud adopt 4microphon enc reduct technolog combin 13mm speaker make call still clear public gym environ ipx7 waterproof wireless sport earphon use nanoco technolog waterproof sweatproof pass ipx7 standard suitabl daili use nan 4.5
2452,7.19,jetech camera len protector iphon 14 pro 61inch iphon 14 pro max 67inch 9h temper glass antiscratch case friendli affect night shot hd clear 3pack jetech compat design iphon 14 pro 61inch iphon 14 pro max 67inch pleas doubl check devic model purchas scratchresist built 9h hard temper glass fulli cover camera len offer comprehens protect scratch abras hd clariti 999 light transmitt preserv origin resolut pictur video provid ultraclear view experi night shoot function builtin black circl camera len protector affect normal use flash function enjoy photographi time night low light condit easi instal precis cutout accord camera len easi align len hole instal quickli strong adsorpt nonshed nan 4.3
2836,20.99,palovu wireless earbud inear earphon bluetooth 53 builtin mic headphon deep bass stereo lightweight compact charg case sport work compat iphon android palovu latest bluetooth 53palovu wireless earbud cuttingedg bluetooth 53 innov possess quick stabl transmiss immedi give continu call music experi nois cancel effortless pairingpalovu wireless headphon would momentmatch taken charg case autoreconnect lastmatch devic ultralightcompact designpalovu bluetooth earbud weigh 4g worn effect without pressur charg case weigh 28g easili fit pocket heft around particularli commut work travel etc 32_hour long batteri lifepalovu bluetooth ear bud util 6 hour solitari charg case charg earphon extra 56 time strong batteri provid entir day purpos ergonom designpalovu wireless headphon ergonom inear design fit ear come 4 differ type silicon eartip fit differ ear profil comfort wear experi hd stereo sounddesign premium speaker bluetooth codec uphold aac sbc bring dynam high profound bass allow enjoy qualiti sound 4.3
2870,6.44,talkwork iphon 11 screen protector also fit iphon xr 3 pack temper glass film durabl 033mm 9h hard shatter proof hd touch clariti without instal tray iphon 11 xr talk work keep iphon likenew easytoinstal temper glass screen protector safeguard accident drop impact scuff crack smudg scratch without interf case charg dock ultra thin 033mm temper glass screen protector shield design absorb impact crack iphon screen isnt damag drop featur 999 transpar touch respons scratchresist crystal clear appl iphon screen protector featur light coat resist scuff reduc fingerprint hd temper glass cover surfac hard 9h iphon smartphon glass screen protector easi appli fit directli screen air bubbl instal glass cover case charg friendli interfer port includ three 3 talk work temper glass screen protector iphon dust remov sticker clean cloth alcohol swab nan 4.5
3831,13.99,4 pack airtag bracelet kid airtag holder adjust stretchi nylon watch band antilost appl air tag case loop child toddler wallet airtag wristband kid color thingsbag lighter thinner thingsbag airtag wristband thinner lighter other weight 029 oz 8g band strap 007 inch thick better kid case airtag made highqual elast silicon closedloop design strap fall even children strenuou exercis strap made skinfriendli breathabl nylon materi make child comfort fit wrist size 4175 inch item thingsbag pulsera airtag bracelet strap mani item wallet cartera credit card bike bicycl bottl toy remot control suitabl item size 4113 inch easi adjust elast loop band featur stylish stainless steel buckl allow easili adjust size loop wish doesnt rub wrist precis fit airtag special design appl airtag finder thingsbag accessori perfectli match appl airtagnot airtag includ nan 4.5
4189,14.99,jrdm 11pc super bling appl watch charm 9pc decor ring loop 2pc stud decorationcompat appl watch band 38mm 40mm 41mm 42mm 44mm 45mm metal diamond slide strap accessori iwatch seri 8 7 6 5 4 3 2 1 band jrdm multipl match styleseasili switch appl watch style super bling appl watch charm perfect gift trendsett add glamour outfitit 9 differ type charm decor 2 classic clasp meet variou style need compat appl watch samsung fitbit band width 20mm 22mm thick less 3mm work best doubl shiningcraft highqual materi super bling appl watch charm featur sparkl array crystal rhineston preciou metal well polish super high strength wearresist protect skin harmthey perfect accessori enhanc smartwatch showcas uniqu person stylish design conceptsuch highend materi easi fade gorgeou nobl eleg cute bling design whether prefer classic minimalist look someth bold vibrant perfect charm complement styleshop add sparkl everyday style best giftit best gift famili friend thanksgiv christma birthday women day mother day valentin day light everi holiday famili friend conveni aftersal servicejrdm jewelri set exclud watch watch wristband offer 365 day qualiti assur 24 7 onlin servic problem may refund full resend question pleas feel free contact us nan 4.5
4485,6.49,vrllink usb splitter adapt usb male dual usb femal cabl data charger doubl usb port extend splitter hub power cord extens vrllink usb splitter give abil connect two devic standard usba portcharg data sync cableoff data transfer speed 480 mbp plug play easi use support usb devic data transferpow chargingsuch pc extern hard drive intermitt keyboard audio led power light pc notebook etc sync usb power adapt cabl usb 1 male usb 2 femal allow connect 1 usb devic pc 2 usb port get power copper conductor2428 fulli shield cabl durabl cabl charg two phone timepow adapt recommend ensur adequ current pleas note work car model android auto carplaycompat similar laptop equip nan 4.6
4612,12.99,galaxi watch 4 4 classic charger2 pack watch charger compat samsung galaxi watch 4 4 classic 3 activ 2 activ charg dock cabl hagibi wide compatibilitythi galaxi watch charger wide compat samsung galaxi watch 4 40mm 44mm 4 classic 42mm 46mmgalaxi watch 3 41mm 45mmnot gear s3activ 2 40mm 44mmactiv 40mmnoteth charger dont fit watch typespleas check watch type buy place itcharg itstrong magnet built would make charg breezejust snap magnet everi timegalaxi watch 4 classic 3 activ active2 begin chargingsaf fastth antiskid rubber bottom prevent galaxi watch slide durablereli galaxi watch 4 charger made premium tpe material6000 bend test ensur durabilitylong last avoid scratchingdiscov uncommonli light yet sturdi design devic small safe chargingpow protect built prevent galaxi watch damag overcurr avoid overheat connect usb power sourc charg cablebut also charg stand get2 x charg cabl galaxi watch 4 4 classic 3 activ active2replac refund alway avail storego get backup watch nan 4.3
4855,49.98,charg station multipl devic appl 4 1 wireless charger station qicertifi 30w charg dock appl watch 7 6 se 5 4 3 iphon 14 13 12 11 pro pro max mini airpod pro 3 2 tamoxi 4 1 wireless charg station ultim home juic appl devic simultan tamoxi charger station multipl devic compat iphon seri 814 note iphon seri mini pro max plu charg horizont right charg pad appl watch 8 7 6 se 2 se 5 4 3 2 airpod 3 pro 2 pro 2 wireless version 30w pd adapt includ 3 charg mode unlik iphon charg station 18w adapt dual iphon charg station come 30w power adapt provid fast stabl charg plu 3 charg mode 75w charg mode iphon 5w airpod 3w appl watch iwatch 1 unsuit keep desk tidi less one wireless charg dock provid juic whole famili devic capabl power 2 iphon 1 appl watch 1 airpod time therefor charger station appl devic true desk organ give 4 1 charg station appl belov one definit love vertic horizont charg perfect view angl charg phone landscap portrait maximum view experi multi iphon charger station need extra screen work reli smartphon camera client confer 4 1 charger station appl ensur stabl view angl keep iphon power without interrupt sleep friendli case friendli look ultim wireless charg stand peac sleep smart indic light auto turn 20 better still wireless appl charger station charg phone case 5mm 02in thick note magnet metal attach foreign object credit card grip stand interfer charg 24month warranti enjoy worryfre charg tamoxi 4 1 wireless appl charg station great decor desk perfect gift friend famili wireless 4 1 charg station appl come 24month warranti question concern feel free contact us note upgrad iwatch os 86 version optimum charg experi 4.3
5553,369.99,haloview bt7 rv backup camera wireless fhd 1080p dvr rearview fullcolor night vision cam 7 monitor system adapt furrion prewir rvtrucktrailertruckcampervanpickup haloview 7 lcd digit monitor builtin record real time record video playback 1080p video record resolut seamless record event 1080p30fp fhd resolut len 1032v wide voltag input support 4 wireless camera input120 wide view angl wireless line sight rang 984 feet low latenc newgen wireless technolog ensur less lag interferencefre signal haloview wireless backup camera compat multi vehicl provid interferencefre recept vehicl 65 feet guarante high speed rvtravel trailertruckcampervanpickuptractor fifth wheelmotorhomeetc support 4channel composit singlechannel record avi signal formata fullcolor dimlight night vision power imag sensor deliv full color imag even dimlight condit night vision fill light activ deactiv remot monitor ambient light extrem low video input 1080p 4.6
5768,999.0,simrad go9 xse 9inch chartplott activ imag 3in1 transduc cmap discov chart card simrad multifunct display go9 add gp navig sonar support radar capabl much boat perfect sportboat centerconsol smaller cruiser cmap discov includ cmap discov card fullfeatur vector chart custom depth shade tide current cmap highresolut bathymetr contour ultrawid coverag us canada activ imag 3in1 transduc see structur cover new level refin detail activ imag 3in1 sonar featur chirp sidescan downscan imag fishrev radar readi go9 offer safer cruis product fish plugandplay connect simrad radar solut powerboat size builtin connect mirror display smartphon tablet get access chart radar function anywher board nmea 2000 connect offer integr option nan 4.4
5787,89.95,axxess gmos04 data interfac fit 20002013 select gm vehicl metra provid accessori power 12volt 10amp design amplifi system retain chime balanc fade provid nav output park brake revers mute speed sens prewir aswc1 har aswc1 sold separ retain onstar oe bluetooth 4.2
6548,176.99,koorui 27 inch comput monitor qhd 2560p game monitor 144hz1m 1800r curv va panel dp12hdmi2 buildin freesync compat gsync narrow bezel ultrathin tilt adjustableey care koorui curv game monitor144hz high refresh rate 27inch ultrahighdefinit 25601440 curv game monitor 1800r curvatur enjoy cinemat look feel spot respons speed 1m mprt provid comfort immers game experi profession gamer fast mobil game new osd menu make easier use stylish design also 5 degre 15 degre angl adjust reduc fatigu even longterm use wide view angl va led game monitorthi pc monitor featur highqual va panel pictur qualiti color render make imag brighter lifelik ultrawid angl 178 bright color screen chang even view angl 2mm narrow bezel design screen wider immers best flickerfre blue lightfre featur reduc eye strain support amd freesync technolog 144hz refresh rate adaptivesync freesync technolog synchron gpu display refresh rate prevent tear imag shift freez screen captur crisp video playback provid smooth tearfre game experi incred imag qualiti enhanc game experienceth game osd provid varieti playercent game mode fp rpg addit make set accord style black equal function backlight adjust function imag bright game pictur optim function connect devic audio output use connect hdmi 14 hdmi20 displayport 12 input termin hd camera laptop xbox ps audio devic game shock import featur aftersal servicemodel 27e6qc screen ratio 169 dynam contrast ratio 20 million1 85 dcip3 color gamut maximum color 167 million color net weight 51 kg machin size 612245291851mm 15m dp cabl audio audio output interfac 3 year product warranti 3 year free return exchang question concern product pleas feel free contact us nan 4.4
6557,2.99,alien charg cabl port c dglk alien charg cabl usb typec dglk alien dedic charg line nan nan nan nan 4.7
6595,1399.99,microsoft surfac laptop 5 2022 135 touch screen thin lightweight long batteri life fast intel i7 processor multitask 512gb storag window 11 platinum microsoft sleek superlightweight except comfort keyboardvoltage2400 volt 135 pixelsens touchscreen ultraport productivity2 12th gen intel core thunderbolt 4 connect allday battery3 warm sophist alcantara edgi cool metal bold colors2 studio mic enhanc camera experi power window 11 cinemat entertain dolbi vision4and dolbi atmos5 4.4
6649,2599.99,asu zenbook pro duo 15 ole ux582 laptop 156 4k touch display intel core i912900h 32gb ram 1tb ssd geforc rtx 3070 ti screenpad plu window 11 pro celesti blue ux582zwxb99t asu complimentari 3month adob creativ cloud subscript purchas learn asu websit detail screenpad plu 14 inch 4k matt touchscreen give endless way optim multitask experi extend screen split window app display 156 inch ole 4k 3840 x 2160 nanoedg touch main display panton valid vesa certifi display hdr true black 500 12th gener intel core i912900h processor 24m cach 50 ghz 6p plu 8e core nvidia geforc rtx 3070 ti laptop gpu 8gb vram nvidia studio readi window 11 home fast storag memori featur 1tb pcie nvme m2 40 ssd 32gb lpddr5 ram builtin ir camera facial recognit sign window hello 4.3
7038,12.99,appl mfi certifi iphon 14 13 12 11 fast charger 2pack 20w pd type c wall charger block 6ft usbc lightn cabl compat iphon 14 13 12 11 xs xr x 8 plu ipadwhit matestar iphon charger pd fast chargingth typec port power deliveri fast wall plug 6ft usb c lightn cord provid maximum 20w output power charg phonewhich reach 3x faster appl standard 5w chargerand take less time charg iphon 13 100 appl mficertifi ligh cabl matestar type c lightn cabl complet mfi certif requirementswhich found offici site mficertifiedthes iphon fast charger cabl use newest c94 lightn end design fast charg safe quickli charg iphon ipad deviceth appl mfi certif ensur 100 flawless compat appl devic trigger warn messag safe reliabl pd fast wall charger multipot safeti system ensur complet protect appl deviceswhich certifi mfi ul etl fcc ce roh avoid overvoltag overcharg overheat etc newest smart chip appl mfi certifi usbc lightn cabl match current requir phone automaticallycharg iphon ipad devic fastsafelyand steadili univers compat matestar pd adapt wall plug support power deliveri fast charg iphon 14 13 13pro 13promax 13mini 12 12pro 12promax 12mini 11 11pro 11pro max xs xs max xr x 8 8plu ipad 8th 2020 pro 129 gen1 pro 129 gen2 pro 105 air3 105 mini5 79these usb c iphon charger also support standard charg 5v 24a max iphon 7 plu 7 6 plu 6 6s plu 6s 5s 5c 5 ipad mini 4 3 2 ipad air 2 1 ipad 6 5 etc get 2pack usb c iphon fast charger block 2pack 6ft typec lightn cabl hasslefre lifetim warranti question pleas feel free contact us resolv issu within 24 hour nan 4.3
7097,5.85,red buse sticker teen 50 pc london vacat travel water bottl stickerslaptopskateboard cupbik scrapbookwaterproof sticker water bottlesadult girl boy kid sticker pack thrcat uniqu person patternther 50 differ sticker pack duplic random sticker pack best gift kid girl friend lover diy decor add color life enjoy high qualityour sticker made highqual pvc materi waterproof sunscreen block splash daili life keep color bright long time perfect cut shapes 5 cm 10 cm24 inchstick past multipl time residu removalnev fade person diyperfect embellish laptop trackpad keyboard backpack skateboard luggag water bottl scrapbooksmirror notebook journal car bumper bike bedroom travel case motorcycl snowboard friendli custom care custom satisfact greatest motiv pleas feel free contact us problem sticker help nan 4.4
7114,36.18,brostrend ac1200 wifi ethernet adapt 1200mbp dual band univers wireless bridg printer smart tv bluray player playstat xbox etc wp easi setup connect wire devic wifi brostrend connect wire devic wifi use dual band ethernet wireless adapt etherneten devic access internet via wireless connect power electr outlet work ethernet enabl devic wireless ethernet adapt support smart tv game consol bluray player network printer raspberri pi ethernet switch comput etc driver instal updat need ac1200 faster wireless speed 867mbp 5ghz wifi 300mbp 24ghz wifi excel onlin video stream game high qualiti music facebook use 80211ac wifi ethernet adapt 4 x speed n300 univers compat 5ghz univers wireless adapt work 80211ax ac b g n wifi router tech support email supportbrostrendcom 24month warranti uncondit refund replac better wifi signal ethernet wireless adapt come 2x angl adjust extern smart wifi antenna pick stronger wifi signal intern one nan 4.2
7599,159.99,lenovo ideapad 1 14 hd laptop intel pentium silver n5030 4gb ram 128gb ssd window 11 home mode offic 365 1 year includ lenovo intel pentium silver n5030 4core 110 ghz 310 ghz 4 mb cach 4gb ddr4 2400 mhz ram 128gb m2 nvme ssd 2 x usb 32 gen 1 typea port 1 x hdmi 1 x headphon microphon combo jack 1 x microsd card reader wifi 5 80211ac bluetooth 42 intel uhd graphic 605 nan 4.0
7706,59.99,wetap kid tablet android tabletsä¸¨android 11 tablet kid 232 gb toddler tablet 1024x600 ip touch screen dual camera wifi 50 parent control kidproof case pink wetap power configurationwetap k7 kid tablet design children equip latest android 11 oper system strengthen system function elimin unnecessari advertis tablet kid includ quadcor processor bluetooth 50 wifi 232gb memori dual camera featur learn play readingour kid tablet preinstal iwawa app use safe app children learn play also download kidfriendli app googl play children let children absorb knowledg play parent control modewhen children use kid tablet parent ensur children onlin safeti parent control mode parent limit screen time set educ goal filter harm web page remot check child activ time includ frequenc durat tablet use tablet case standth child protect case made durabl kidfriendli impactresist soft silicon materi protect toddler tablet without worri accident bump impact tablet stand support tablet well dont need hold tablet hand time custom serviceth tablet kid best gift children question use tablet pleas feel free contact us profession custom servic repli help within 24 hour nan 4.6
7954,109.0,plimpton tablet 10 inch 6gb128gb storag 1tb expand octa core android 11 tablet 1920x1200 fhd ip 7000mah 24g 5g wifi bluetooth 50 gyroscop googl kid space metal shell plimpad p60 plimpton highperform 8core 6gb128gb storageth 10 inch tablet equip unisoc t610 8core cpu 8x18ghz run stabli download favorit app popular netflix youtub instagram tiktok twitter equip 6gb ram 128gb storag freeli store app photo video etc easili expand 1tb microsd card sold separ dont worri run space 300nit high bright 1080p fhd displayth android tablet screen bright upgrad 300 nit easili enjoy watch movi 101inch 1920x1200 fhd glass display adopt narrow bezel design 1610 screen ratio provid comfort view experi plimpad p60 android tablet featur slim rightangl bezel back stylish metal case offer excel cool perform googl kid spaceplimpad p60 android tablet whole famili use come free googl kid space suppli rang premium content recommend app game book video discov new way play learn parent manag kid see set screen time limit devic use googl kid space first time need creat account child android 11 rich googl appsandroid 11 os provid rich usercentr express privaci featur protect privaci permit access differ app googl play store preinstal googl play store access ten billion latest android app game music movi tv book magazin plimpton offici provid lifetim technic support 1year free replac nonhuman factor damag question pleas feel free contact us 7000mah batteri 6ft charg cablelarg 7000mah batteri ai smart power manag easili enjoy ebook movi tv seri music even travel come 6ft 18m usbc charg cabl easili charg devic bedroom offic even back seat car first use pleas use origin charger fulli charg typec charger electron may compat tablet wont turn tri charg origin charger 23 hour startup problem caus low batteri power dual camera dual stereo speaker gyroscopeth rear camera 13mp front camera 5mp allow easili enjoy shoot video call anytim dual stereo speaker make experi immers sound enjoy video beauti imag power sound qualiti what 10 inch tablet built sensit gyroscop gsensor sens motion state user tablet obtain stimul game oper experi 4.4
8286,199.99,lenovo thinkcentr m700 6th gener tini busi comput micro pc intel quad core i76700t 16gb ddr4 ram 512gb solid state ssd wifi vga display port win 10 pro renew amazon renew machin support window 11 upgrad nan nan nan nan nan 3.8
8374,54.99,7 inch kid tablet tablet kid 2gb 32gb android tablet parent control kid content preinstal googl play youtub netflix stand green domaton learn playingthi kid tablet come hundr ageappropri content iwawa educ app learn color game full access googl play store also download app like youtub kid netflix disney abc mous parent control kid tabletswith kid tablet block unsaf websit app without worri kid access also creat time limit set individu limit sever kid enhanc performanceandroid 110 system elimin unwant ad provid safer faster experi previou version equip dual camera kid take pictur fun life 32gb storag space expand 128 gb mean space store kid favorit movi tv play android tablet case stand4 silicon corner kid tablet case protect kid tablet bump drop stabl stand back case allow kid go handsfre learn play favorit cartoon educ giftwith tablet kid kid playground without undu risk kid access educ entertain app websit kid tablet support 30 day free return refund provid lifetim technic servic support pleas feel free contact us question nan 4.2
8393,110.0,microsoft surfac dock pd900003black microsoft compat surfac go surfac laptop surfac laptop 2 surfac pro surfac pro 3 surfac pro 4surfac pro 6 surfac book surfac book 2 2x mini display port 1x gigabit ethernet port 4 usb 30 port 1x audio port magnet surfac connect cabl transform surfac desktop pc plug dock surfac connect cabl extern power suppli high speed data transfer nan 4.6
8600,103.49,usb c dock station dual monitor macbook pro 15 2 usb c laptop dock station dual monitor hdmi macbook pro air 2 4k hdmi display 6 usb ausb c sdmicro sdlan 87w pd 30 tobenon 15in2 expans compat tobenon macbook pro dock station dual monitor expand 2 x 4k30hz60hz hdmi port 4 x usb 30 5gbp 1 x usbc 5gbp usb c pd 30 2 x usb 20 wireless keyboard mous 35mm audio mic sd tf reader rj45 gigabit ethernet plug play driver need exclus design macbook pro m1 pro 2021 macbook pro m1 max 2021 macbook pro 13inch 2016 2017 2018 2019 2020 macbook pro 15inch 2016 2017 2018 2019 macbook pro 16inch 2019 macbook airretina 13inch 2018 2019 2020 note m1 m2 chip get one extern monitor compat window laptop versatil dual 4k extend monitor tobenon usb c dual monitor laptop dock station offer choic add 2 extern monitor via hdmi port easili drive two 4k60hz 4k30hz extend mode mean 3 screensinclud laptop differ content time superspe data transmiss usb c laptop dual monitor macbook pro dock station equip 4 usb 30 port one usb c port support transmiss speed 5 gbp allow access file second simultan read sd tf memori card macbook pro adapt also offer 2 usb 20 port connect wireless keyboard mous without lag strong power deliveri usb c pd 30 port macbook pro dock station dual monitor support max 100w power input offer 87w safe fast charg connect macbook pro air simpli connect laptop power adapt usbc pd port note charger includ stabl reliabl wire ethernet tobenon usb c dual monitor macbook pro dock offer rj45 gigabit ethernet port support 1gbp auto adapt 10 100 1000mbp easili stream movi download larg file play game get 1 tobenon 15in2 usb c dock station 1 33ft dual usb c cabl 1 user guid worryfre 24month warranti lifetim technic support 4.4
8696,114.58,thule crossov 32l backpack thule laptop compart dimens 105 x 12 x 15 inch volum around 32 liter also featur dolbi nylon materi construct also pad zipper laptop compart hold 15 inch macbook pro pc tablet roomi main compart cloth book bulki item heatmold crushproof compart safeguard sunglass iphon ipod fragil gear bottom zipper storag pocket laptop power sourc small accessori organ compart keep cord accessori necess hand way shoveit pocket compress strap provid addit extern storag lockabl crushproof compart provid safe zone valuabl 4.7
8930,6.99,cloudvalley webcam cover slide2pack 0023 inch ultrathin metal web camera cover macbook pro imac laptop pc ipad pro iphon 8 7 6 plu protect visual prvaci black cloudvalley fashion webcam cover featur subtl design compliment beauti aesthet top devic eleg beauti layer matt black clean minimalist design compat 0023in06mm thin design make compat macbook pro 15 inch 13 inch version macbook air 13 inch version laptop ipad pro ipad air ipad mini iphon 8 7 6 plu front camera tablet pc comput simpl use simpli align webcam attach press firmli 15 second strong interfer web use indic light nan nan 4.6
9208,6.99,cartoon movi sticker 100pc cartoon meme vinyl water bottl skateboard guitar sticker waterproof kid teen adult luggag laptop decal sticker ciwei diy decor cartoon cute sticker water bottl easier identifi let thing person let everyon prais envi excel qualiti cool sticker made high qualiti vinyl sun protect waterproof keep bright color long time easi stick peel without residu person design cartoon sticker special design charactor lover pattern kawaii sticker cute funni awesom gift 100pc differ cute laptop sticker duplic exquisit packag surpris gift famili friend lover decor add color life skateboard sticker size 24 inch suitabl water bottl mug laptop skateboard cellphon ps4 luggag bicycl motorcycl guitar bedroom door etc nan 4.1
9548,78.99,newest hp elitebook zbook tb3 thunderbolt dock 90w dock station port replic 1 thunderbolt 3 3 usb 31 port 2 usb typec 2 displayport 1 vga usbc laptop ist accessori hp design hp nonhp systemsani laptop come thunderbolt port support power deliveri displayport support hp probook g5 g6 g7 g8 typec port front 2x usb 30 typea 1x microphon headphon audio combo jack back 2x displayport 12 port 2x usb 30 typea 1x vga port 1x thunderbolt 1x energyeffici power connector smart ac adapt 1x integr cabl lock slot compat laptop support thunderbolt 3 displayport alt mode protocol usbc port zbook envi spectr elitebook 840 850 1030 1040 1050 also compat brand laptop precis thinkpad t14 t15 t590 t490 t490 latitud 5000 7000 9000 xp use dock station connect extern monitor charg laptop pleas confirm laptop come typec 31 thunderbolt port isnt compat laptop come typec 30 nan 3.5
10357,19.99,joiot 512gb ssd intern solid state hard drive 3d nand 25inch sata iii intern ssd 500mb upgrad perform pc laptop game creation joiot enhanc performanceutil standard sata 30 interfac intern solid state hard drive form new storag setup laptop comput larg capac faster speed offer much quicker window app game load upgrad speedwith extraordinari read write speed 500mb 450mb 25inch sata iii ssd optim run varieti applic like game creativ softwar media playback outstand reliabilitythi sata 30 ssd hard drive adopt advanc 3d nand flash technolog tlc flash memori offer superior read write frequenc rewrit life excel heat dissip provid unparallel reliabl data storag premium qualityhav move part intern solid state drive shock resist durabl highcapac enhanc power effici upgrad perform perfect gamer creator get1 x 512gb intern solid state hard drive 1 x user manual pleas feel free contact us question sata iii ssd nan 4.4
10468,179.99,nzxt h7 elit white 2023 nzxt nzxt h7 elit white 2023 nan nan nan nan nan 4.0
10808,399.99,keevo founder edit crypto wallet w premium case cold storag hardwar secur safe trust cryptocurr ledger wallet bitcoin btc ethereum ether nft digit asset keevo made usa keevo cold storag crypto wallet durabl stainless steel case design manufactur ship us crypto expert engin design cryptocurr ledger wallet latest secur featur make world secur conveni digit ledger wallet world secur crypto wallet revolutionari secur system via patentpend multifactor multisignatur authent system provid dual chip architectur privat key never store instead theyr creat everi transact 3 4 factor never leav keevo eal 5 secur mcu carbon key premium featur say goodby seed phrase groundbreak carbon key system crypto wallet reli privat key also peac mind trustless inherit simpli name beneficiari encrypt password pass crypto asset premium design led display keevo founder edit premium cold storag crypto hardwar wallet sleek design 28 color led display premium stainless steel case compact easi use hardwar allow manag bitcoin cryptocurr go perfect combin form function perfect gift crypto enthusiast keevo cold storag hardwar wallet perfect christma gift cryptocurr bitcoin investor perfect gift men women dad mom anyon interest crypto order keevo cold storag hardwar wallet today 1000 cryptocurr coin support keevo ledger keevo hardwar crypto wallet come multicryptocurr support store bitcoin btc ethereum eth rippl xrp dogecoin doge shiba inu shib 1000 erc20 token along nft art 4.5
11336,106.17,typecas edg keyboard ipad 10th gener 109 2022 10 color backlit thin multitouch trackpad bt magnet clasp keyboard case ipad 10th gen 109 black typecas compat compat ipad 10th gener 109inch 2022 higheffici anywher easi set laptoplik keyboard 10 color backlight multitouch trackpad whether cafe school offic chang higheffici mode within second bring work effici next level precis effici complet task 10color backlight keyboard shortcut fluidli accur type light keyboard ipad 10th gener even dark room ergonom key 10 color backlight three adjust backlight bright level give comfort type experi search around basic function effici full row pado shortcut adjust bright level chang backlit color media volum control precis touchpad navig ipad 10th gener whole new way multitouch touchpad scroll swipe palm reject function initi type keyboard disabl touchpad type edit document brows web build present unparallel speed smart protect featur exterior synthet vegan leather magnet clasp builtin pencil holder ensur keyboard cover stay close give ipad 10th gen pencil front back protect prevent accident drop scratch packag content 1 x magnet clasp keyboard ipad 10th gen 109 trackpad 1 x usbc charg cabl 1 x fullcolor product manual stepbystep instruct free lifetim technic support 12month manufactur warranti give peac mind purchas assur great team readi help everi step way 4.3
11632,19.99,arteck microsoft surfac go type cover ultraslim portabl bluetooth wireless keyboard touchpad surfac go 3 2021 surfac go 2 2020 surfac go builtin recharg batteri arteck make surfac go 3 surfac go 2 surfac go like laptop keyboard physic attach surfac go via magnet like laptop connect though bluetooth bluetooth connect mechan key touchpad simpli make like use laptop keyboard doesnt fit surfac pro pro x bluetooth keyboard mechan key extralarg trackpad make surfac go 3 surfac go 2 surfac go use type navig control slim compact yet perform like tradit fullsiz keyboard function media key touchpad enjoy easili control surfac go 3 surfac go 2 surfac go touchpad media hot key charg 1 hour enjoy 50 hour uninterrupt use keyboard recharg usba micro usb cabl includ recharg cellphon charger need drain power surfac go packag content arteck bluetooth keyboard surfac go 3 surfac go 2 surfac go usb charg cabl user manual 24month warranti friendli support nan 4.2
12054,120.66,tab s8 lcd screen compat galaxi tab s8 smx700 smx706 lcd display touch screen digit assembl la pantalla replacementtool blacknot galaxi s8 plu s8 ultra gener compat samsung galaxi tab s8 smx700 smx706 compat samsung galaxi tab s8 screen replac repair tool set 100 warranti money back product rigor test pack shipment fast shippment amazon warehouse100 inspect profession qc team ship 180day warrantylet us know didnt meet expect whatev issu pleas contact us get best solut first time would highli recommend watch repair video onlin prior purchas brief understand hard process go specif need paid attent search samsung galaxi tab s8 lite screen replac youtub tutori video replac nan nan
12501,28.99,lamical tablet stand tablet pillow holder tablet pillow soft pad bed lap tablet dock stylu mount pocket ipad pro 129 air mini kindl galaxi tab 413 tablet dark grey lamical storag pocket back tablet support pillow design big storag bag help conveni place cellphon charg cabl power bank etc consider thought even littl pocket behind hold stylu never worri find appl pencil anymor 3 adjust angl adjust ipad cushion holder three angl option design multi posit make find best angl use ipad phone kindl eread ebook lie bed sofa put pillow lap prop ipad like sinc pillow vacuumcompress pleas place 624 hour receiv restor normal shape put dryer 20 minut puff wide deep groovesthi tablet wedg pillow wider deeper slot compar origin version hold tablet sturdi even thick case made lightweight memori foam plush cover make sturdi easi deform design detach washabl pillowcas make life conveni prevent overh new appear design prevent tablet close fabric use prevent overh charg ergonom design tablet rest pillow stand help reduc neck back pain perfect play game watch video view photo read type bed desk sofa wide compat soft tablet pillow stand suitabl 413 tablet cell phone new 2022 2021 ipad pro 11 129 inch ipad 109 ipad air 5 ipad mini 6 5 4 3 ipad pro 97 105 2020 ipad pro ipad 5th 6th 7th 8th 9th 10th gener kindl fire hd 7 8 10 eread huawei iphon 14 pro max iphon 13 pro max 12 pro max 11 pro max iphon xs max surfac pro galaxi tab s8 s7 a8 a7 switch nan 4.6
13490,4.99,cooler master outofth box kit lga 1700 intel alder lake processor hyper 212 black editon hyper 212 black editon rgb cooler master compat upgrad kit cooler master cooler hyper 212 black editon hyper 212 black editon rgb nan nan nan 4.5
13515,39.99,ac infin airplat s7 quiet cool fan system 12 speed control home theater av cabinet ac infin ultraquiet ulcertifi fan system design cool cabinet requir minim nois featur multispe control set fan speed optim nois airflow level contain cnc machin aluminum frame modern brush black finish power wall outlet usb port includ turbo adapt increas perform 25 dimens 1169 x 63 x 13 total airflow 104 cfm total nois 19 dba bear dual ball nan 4.6
14111,83.12,lian li uni fan sl120 v2 rgb black tripl pack control ufsl120v23b v2 brand lian li improv daisi chain design connect 2 cluster fan sl120 v2 fan frame thick 28mm provid 10 improv airflow compar v1 remov interlock key provid better radiat clearanc start stop fan rpm support quieter environ smoother side light better aesthet nan 4.5
14212,299.0,intel core i910850k desktop processor 10 core 52 ghz unlock lga1200 intel 400 seri chipset 125w intel 10 core 20 thread 52ghz unlock compat intel 400 seri chipset base motherboard intel turbo boost max technolog 30 support configur tdpdown 95 w nan 4.8
14326,39.99,primochil 10mm id x 14mm od rigid petg tube 750mm length rtp14m630 made premium materi excel beginn hardlin pc watercool made usa 6 pack clear primochil simplifi watercool rigid petg tube perfect watercool beginn look get custom pc build petg tube make custom easi easili cut bent shorten piec left run uniqu construct offer superior durabl compar tube market allow user confid longev proven leader first market introduc ten year ago petg tube depend costeffect solut type custom build continu goto product beginn pro alik clariti sight perfect view favorit coolant primochil petg tube smooth surfac inhibit particul gather entrap onto tube wall reduc potenti growth contamin trust brand primochil petg tube provid custom userfriendli design allow custom easili quickli instal tube forgiv bend properti petg materi simplifi cutbendenjoy experi today modern watercool get 6x petg tube 30 inch 750mm length creat virgin materi design custom watercool design made usa nan 4.7
14464,1299.0,vision comput inc pni rtx a4500 20gb gddr6 pro graphic card bulk packag accessori vision comput inc display connector 4x displayport 14a cuda core 7168 experi fast interact profession applic perform 224 tensor core power ai develop train built 20gb gddr6 memori rtx a4500 deliv memori throughput requir memori intens task ray trace render ai workload rtx a4500 provid larg graphic memori address larger dataset model latencysensit profession applic 56 rt core acceler photorealist raytrac render nan nan 5.0
14557,189.19,asrock b550 phantom gamingitx ax support 3rd gen amd am4 ryzen futur amd ryzen processor motherboard asrock countri origin viet nam 8 power phase design digi power 90a drmo support ddr4 5400 oc graphic output option hdmi displayport nan nan 4.2
14974,4.94,12 pwm 4 pin extens cabl black sleev fc44pwm12bk okgear 12 inch 4pin pwm male 4pin pwm femal extens cabl w black sleev 4pin puls width modul pwm fan extens length 12 inch connector 4pin male 4pin femal nan nan 4.6
15986,59.99,timetec 32gb kit2x16gb ddr4 2133mhz pc417000 nonecc unbuff 12v cl15 2rx8 dual rank 260 pin sodimm laptop notebook pc comput memori ram modul upgrad 32gb kit2x16gb timetec ddr4 2133mhz pc417000 260 pin unbuff nonecc 12v cl15 dual rank 2rx8 base 1024x8 power suppli vdd12v 114v 126v vddq 12v 114v 126v modul size32gb packag 2x16gb laptop desktop select ddr4 laptop notebook pc mini pc one devic guarante lifetim warranti purchas date free technic support base unit state nan 4.6
17632,91.99,gim micro atx case miniitx game pc case 2 temper glass panel front panel micro atx pc case mini tower comput case usb 30 port rhythm surround light watercool readi gim rhythm surround light gim micro atx case builtin acoust sensor long sound panel light bar danc melodi enjoy joy music game leisur time washabl pullout dustproof mesh botton atx pc case equip 1 pc 01cm pullout dust net directli wash keep pc case clean tidi time mortis tenon quick releas structur micro atx pc case design quick releas structur top panel need open firstli remov front panel glass left side glass top panel come antiloss screw quick remov instal save time top panel gim mini atx case design 1 x usb 30 port 1 x usb 20 port 1 x headphon jack 1xmicrophon jack 1x reset led button 1x power button usb cabl shield wire transmit data without interfer cool exhaust heat dissip four side white micro atx case ventil surfac effect reduc intern temperatur chassi enhanc servic life pc case use experi fullview temper glass panel gim mini pc chassi 2pc 3mmthick temper glass fullview side panel intern space wide easi instal 2 x 25 ssd 1 x 35 hddmicro atx itx motherboard support4120mm argb fan 240 liquid coolermaximum length 320mm gpu 4.2
17857,59.99,owc mercuri onthego portabl 25 fw800 usb30 enclosur kit serial ata sata owc 0gb buspow multiinterfac enclosur kit mac pc compat usb 30 20 firewir 800 firewir 400 backward compat enclosur kit onthego add drive kit enclosur readi accept 25 sata hard drive ssd includ usb 30 firewir 800 connect cabl 1 year owc limit warranti nan 4.6
18157,29.97,angusplay 8k hdmi switch 21 upgrad version 2 1 support 8k60hz 4k120hz video 48gbp data transfer compat ps5 ps4 xbox monitor angusplay note two display cannot display simultan system limit possibl output 4k120hz hdr rtx 307030803090 video card lg ole cx seri tv via hdmi switch max 48gbp data transfer rateit support max transmiss speed 48gbp transfer music movi entir season tv show second 8k ultra hd video outputy output max 8k60hz 4k120hz 1080p165hz via hdmi switch splitter display maximum resolut output depend sourc devic monitor cabl use plug playwhil use pressselectbutton switch signal two sourc display indic light show work statu switch need extern power suppli work hdmi input connect feed power unit time get angusplay hdmi 21 switch welcom guid worryfre 18month warranti friendli custom servic nan 4.1
18599,8.99,usb 35mm jack audio adapt apetoo extern stereo sound card usb aux jack adapt aux dongl cabl cord headphon headset earphon mac comput pc laptop desktop window ps4 ps5 linux apetoo univers compat support ctia standard jack android earphon support window 10 81 8 7 vista xp mac os x linux googl chromebook window surfac 3 pro raspberri pi ps4 ps5 etc note usb audio adapt work ps3 sinc usb interfac ps3 carri audio signal 2in1 usb 35mm headphon adapt comput adapt abl connect 35mm headset trr mic speaker devic usb type port support listen call wire control microphon function headphon speak function microphon play function speaker plug play comput extern stereo sound card requir driver plug play userfriendli pleas notic usb port connect output input audio transfer usb port 35mm port usb audio jack adapt suitabl amplifi cd player xbox car truck usb port hifi sound qualiti usb 35mm adapt built audio dac nois reduct chip allow 24bit 96khz highdefinit sound high fidel design ensur stabl loss transmiss audio signal allow immers clear sound premium qualiti design tough nylon braid outer layer adapt cabl strong aluminum alloy help construct case longer last use antibreakag design save cord 20000 bend test come adapt carri case easi carri protect usb aux dongl cabl away wet dirt dust nan 4.2
18965,46.98,cubilux ha2 96khz 24bit usb 35mm hifi headphon amplifi es9118 dac hire usb 1 8 trr femal audio aux jack adapt extern sound card compat laptop pc comput window cubilux hifi grade sound qualiti cubilux ha2 usb dac extend sound stage repres music resolut 96khz 24bit solid bass transpar vocal crispi orchestr perform give immers listen experi exquisit design built es9118ec extrem low phase nois crystal oscil ultralow nois dual ldo power suppli goldplat connector amplifi reduc static electron infer deliv natur sound substanti detail amaz clariti plug play compat iphon maco window comput builtin dac amp could easili drive speaker desktop audio system headphon 300 ohm without extra amplifi compact daili use similar usb flash drive easili put amp pocket listen music onthego take travel enjoy highresolut music everywher support microphon input volum control effortlessli adjust volum inlin button control take call listen music amp also support 4pole trr microphon input record studiograd sound 48khz 16bit nan 4.0
19050,188.0,2 port kvm switch dual monitor displayport 4k 60hz2 comput 2 monitor dp kvm switch usb 20 hubdp 12 kvm switchedid 12 hdcp pc monitor keyboard mous switcher cabl sweetysun 2 port kvm switch dual monitor displayporthook 2 dual display port desktop laptop share one set keyboard mous 2 monitor extend mirror display perfect comput 2 displayport graphic output 2 displayport monitor comput need 2 video connect dp kvm switch display port kvm switch 4k 60hz dual monitor kvm switch dp 12 standard resolut 4096x216060hz 3840x216060hz downward resolut subject adapt use make sure use reliabl adapt avoid display issu switch two way kvm switch 2 monitor 2 comput via button switch ir signal auto scan switch need 3 second switch anytim anywhereconveni fast note batteri includ 20 usb hub high compat dual monitor switch 2 comput 2 extra usb hub share scanner usb driver 3d printerdriv freeplug playtip support 30 usb devic multimedia mechan game mous keyboard best dual monitor kvm control 2 pc share 2 monitor note 1thi dualmonitor kvm switch requir comput 2 displayport output port support extend displayif comput support singl display product cannot help get dual display function note 2correct oper comput 2 cableskvm cabl displayport cabl connect dual monitor kvm switch note kvm cabl displayport side need connect port b port kvm switch ensur normal oper mous keyboardkvm cabl displayportusb side must connect pc 2.7
19186,13.02,micro connector connector 632 brass motherboard standoff atx comput case 30pack scw632atx micro connector 632 motherboard standoff great hand build atx comput system nan nan nan nan nan nan
19311,18.99,lzyco usb audio adapt 2 packsusb audio jack extern stereo sound card one 35mm aux trr headphon headset usb adapt integr audio microphon work tv lzyco must headphon jack ownersgreat replac onboard sound mic jack damag headphon jack fail youcheap simpl altern fix broken audio port would cost coupl hundr dollar get fixedfor option1pc asinb0719pkwnt5pc asin b07x857fw6 simpl easi usejust plug usb audio jack adapt comput automat instal necessari driver took less 30 second super loud alternativedesign low nois reduct chip usb 35mm adapt usb audio jack adapt deliv loud clear highdef stereo sound enhanc bass one 35mm aux trr plugen connect exist phone game headset 35mm work plug playwork extern power audio supportdriverless compat window mac linux extra ps4 nan 4.1
19583,399.0,rackchoic 4u rackmount server chassi 8bay 6gbp swappabl sata sa drive bay includ 2xgpu cool fansminisa sata cablesslid rail rackchoic b size eatx atx microatx miniitx materi main chassi zinccoat steel drive bayshot swap sata sa 25 compat 135fix cool system 3 x 12038 ball bear pwm fan 2 x 8cm rear option expans slot 12x full height include2xgpu cool fan psu support standard atx power suppli fan top 120mm nan
19758,70.13,mar game mcm microatx compact pc case 16 mode argb fan 8 cm black marsgam compact lightweight design optimis structur achiev optim balanc highend compon optim space save setup mcm offer compact lightweight durabl case polish aluminium type front enhanc rgb led light strip 16 mode total side window mcm case offer minimalist eleg design combin polish aluminium type front total side window let see insid make light compon rgb ram card processor address rgb light build pc inimit game aesthet multimedia access mcm featur quickaccess front panel usb 30 20 port hd audio microphon port connect headphon enjoy onlin game conveni connect storag devic peripher accessori easili front pc never miss second game optim intern capac mcm gamer box compact structur support space optim part want support 2 ssd 2 hdd ampl data storag optim perform play nan nan 3.9
20162,36.57,tripp lite displayport kvm cabl kit 4k usb 35mm audio 3xm usb 6ft p783006u tripp lite cut cabl clutter save money combin essenti kvm cabl 2 6 ft 3in1 dp usb b 35 mm audio cabl connect kvm comput deliv uhd pictur qualiti resolut 3840 x 2160 4k x 2k 60 hz support true 4 4 4 chroma subsampl meet latest color standard 6 ft usb b cabl includ kvm cac port smart card scanner etc nan nan
